0,Braund
1,Cumings
2,Heikkinen
3,Futrelle
4,Allen
5,Moran
6,McCarthy
7,Palsson
8,Johnson
9,Nasser
10,Sandstrom
11,Bonnell
12,Saundercock
13,Andersson
14,Vestrom
15,Hewlett
16,Rice
17,Williams
18,Vander
19,Masselmani
20,Fynney
21,Beesley
22,McGowan
23,Sloper
24,Palsson
25,Asplund
26,Emir
27,Fortune
28,Dwyer
29,Todoroff
30,Uruchurtu
31,Spencer
32,Glynn
33,Wheadon
34,Meyer
35,Holverson
36,Mamee
37,Cann
38,Vander
39,Nicola
40,Ahlin
41,Turpin
42,Kraeff
43,Laroche
44,Devaney
45,Rogers
46,Lennon
47,Driscoll
48,Samaan
49,Arnold
50,Panula
51,Nosworthy
52,Harper
53,Faunthorpe
54,Ostby
55,Woolner
56,Rugg
57,Novel
58,West
59,Goodwin
60,Sirayanian
61,Icard
62,Harris
63,Skoog
64,Stewart
65,Moubarek
66,Nye
67,Crease
68,Andersson
69,Kink
70,Jenkin
71,Goodwin
72,Hood
73,Chronopoulos
74,Bing
75,Moen
76,Staneff
77,Moutal
78,Caldwell
79,Dowdell
80,Waelens
81,Sheerlinck
82,McDermott
83,Carrau
84,Ilett
85,Backstrom
86,Ford
87,Slocovski
88,Fortune
89,Celotti
90,Christmann
91,Andreasson
92,Chaffee
93,Dean
94,Coxon
95,Shorney
96,Goldschmidt
97,Greenfield
98,Doling
99,Kantor
100,Petranec
101,Petroff
102,White
103,Johansson
104,Gustafsson
105,Mionoff
106,Salkjelsvik
107,Moss
108,Rekic
109,Moran
110,Porter
111,Zabour
112,Barton
113,Jussila
114,Attalah
115,Pekoniemi
116,Connors
117,Turpin
118,Baxter
119,Andersson
120,Hickman
121,Moore
122,Nasser
123,Webber
124,White
125,Nicola
126,McMahon
127,Madsen
128,Peter
129,Ekstrom
130,Drazenoic
131,Coelho
132,Robins
133,Weisz
134,Sobey
135,Richard
136,Newsom
137,Futrelle
138,Osen
139,Giglio
140,Boulos
141,Nysten
142,Hakkarainen
143,Burke
144,Andrew
145,Nicholls
146,Andersson
147,Ford
148,Navratil
149,Byles
150,Bateman
151,Pears
152,Meo
153,Billiard
154,Olsen
155,Williams
156,Gilnagh
157,Corn
158,Smiljanic
159,Sage
160,Cribb
161,Watt
162,Bengtsson
163,Calic
164,Panula
165,Goldsmith
166,Chibnall
167,Skoog
168,Baumann
169,Ling
170,Van
171,Rice
172,Johnson
173,Sivola
174,Smith
175,Klasen
176,Lefebre
177,Isham
178,Hale
179,Leonard
180,Sage
181,Pernot
182,Asplund
183,Becker
184,Kink
185,Rood
186,Brien
187,Romaine
188,Bourke
189,Turcin
190,Pinsky
191,Carbines
192,Andersen
193,Navratil
194,Brown
195,Lurette
196,Mernagh
197,Olsen
198,Madigan
199,Yrois
200,Vande
201,Sage
202,Johanson
203,Youseff
204,Cohen
205,Strom
206,Backstrom
207,Albimona
208,Carr
209,Blank
210,Ali
211,Cameron
212,Perkin
213,Givard
214,Kiernan
215,Newell
216,Honkanen
217,Jacobsohn
218,Bazzani
219,Harris
220,Sunderland
221,Bracken
222,Green
223,Nenkoff
224,Hoyt
225,Berglund
226,Mellors
227,Lovell
228,Fahlstrom
229,Lefebre
230,Harris
231,Larsson
232,Sjostedt
233,Asplund
234,Leyson
235,Harknett
236,Hold
237,Collyer
238,Pengelly
239,Hunt
240,Zabour
241,Murphy
242,Coleridge
243,Maenpaa
244,Attalah
245,Minahan
246,Lindahl
247,Hamalainen
248,Beckwith
249,Carter
250,Reed
251,Strom
252,Stead
253,Lobb
254,Rosblom
255,Touma
256,Thorne
257,Cherry
258,Ward
259,Parrish
260,Smith
261,Asplund
262,Taussig
263,Harrison
264,Henry
265,Reeves
266,Panula
267,Persson
268,Graham
269,Bissette
270,Cairns
271,Tornquist
272,Mellinger
273,Natsch
274,Healy
275,Andrews
276,Lindblom
277,Parkes
278,Rice
279,Abbott
280,Duane
281,Olsson
282,Pelsmaeker
283,Dorking
284,Smith
285,Stankovic
286,Mulder
287,Naidenoff
288,Hosono
289,Connolly
290,Barber
291,Bishop
292,Levy
293,Haas
294,Mineff
295,Lewy
296,Hanna
297,Allison
298,Saalfeld
299,Baxter
300,Kelly
301,McCoy
302,Johnson
303,Keane
304,Williams
305,Allison
306,Fleming
307,Penasco
308,Abelson
309,Francatelli
310,Hays
311,Ryerson
312,Lahtinen
313,Hendekovic
314,Hart
315,Nilsson
316,Kantor
317,Moraweck
318,Wick
319,Spedden
320,Dennis
321,Danoff
322,Slayter
323,Caldwell
324,Sage
325,Young
326,Nysveen
327,Ball
328,Goldsmith
329,Hippach
330,McCoy
331,Partner
332,Graham
333,Vander
334,Frauenthal
335,Denkoff
336,Pears
337,Burns
338,Dahl
339,Blackwell
340,Navratil
341,Fortune
342,Collander
343,Sedgwick
344,Fox
345,Brown
346,Smith
347,Davison
348,Coutts
349,Dimic
350,Odahl
351,Williams
352,Elias
353,Arnold
354,Yousif
355,Vanden
356,Bowerman
357,Funk
358,McGovern
359,Mockler
360,Skoog
361,Carlo
362,Barbara
363,Asim
364,Brien
365,Adahl
366,Warren
367,Moussa
368,Jermyn
369,Aubart
370,Harder
371,Wiklund
372,Beavan
373,Ringhini
374,Palsson
375,Meyer
376,Landergren
377,Widener
378,Betros
379,Gustafsson
380,Bidois
381,Nakid
382,Tikkanen
383,Holverson
384,Plotcharsky
385,Davies
386,Goodwin
387,Buss
388,Sadlier
389,Lehmann
390,Carter
391,Jansson
392,Gustafsson
393,Newell
394,Sandstrom
395,Johansson
396,Olsson
397,McKane
398,Pain
399,Trout
400,Niskanen
401,Adams
402,Jussila
403,Hakkarainen
404,Oreskovic
405,Gale
406,Widegren
407,Richards
408,Birkeland
409,Lefebre
410,Sdycoff
411,Hart
412,Minahan
413,Cunningham
414,Sundman
415,Meek
416,Drew
417,Silven
418,Matthews
419,Van
420,Gheorgheff
421,Charters
422,Zimmerman
423,Danbom
424,Rosblom
425,Wiseman
426,Clarke
427,Phillips
428,Flynn
429,Pickard
430,Bjornstrom
431,Thorneycroft
432,Louch
433,Kallio
434,Silvey
435,Carter
436,Ford
437,Richards
438,Fortune
439,Kvillner
440,Hart
441,Hampe
442,Petterson
443,Reynaldo
444,Johannesen
445,Dodge
446,Mellinger
447,Seward
448,Baclini
449,Peuchen
450,West
451,Hagland
452,Foreman
453,Goldenberg
454,Peduzzi
455,Jalsevac
456,Millet
457,Kenyon
458,Toomey
459,Connor
460,Anderson
461,Morley
462,Gee
463,Milling
464,Maisner
465,Goncalves
466,Campbell
467,Smart
468,Scanlan
469,Baclini
470,Keefe
471,Cacic
472,West
473,Jerwan
474,Strandberg
475,Clifford
476,Renouf
477,Braund
478,Karlsson
479,Hirvonen
480,Goodwin
481,Frost
482,Rouse
483,Turkula
484,Bishop
485,Lefebre
486,Hoyt
487,Kent
488,Somerton
489,Coutts
490,Hagland
491,Windelov
492,Molson
493,Artagaveytia
494,Stanley
495,Yousseff
496,Eustis
497,Shellard
498,Allison
499,Svensson
500,Calic
501,Canavan
502,Sullivan
503,Laitinen
504,Maioni
505,Penasco
506,Quick
507,Bradley
508,Olsen
509,Lang
510,Daly
511,Webber
512,McGough
513,Rothschild
514,Coleff
515,Walker
516,Lemore
517,Ryan
518,Angle
519,Pavlovic
520,Perreault
521,Vovk
522,Lahoud
523,Hippach
524,Kassem
525,Farrell
526,Ridsdale
527,Farthing
528,Salonen
529,Hocking
530,Quick
531,Toufik
532,Elias
533,Peter
534,Cacic
535,Hart
536,Butt
537,LeRoy
538,Risien
539,Frolicher
540,Crosby
541,Andersson
542,Andersson
543,Beane
544,Douglas
545,Nicholson
546,Beane
547,Padro
548,Goldsmith
549,Davies
550,Thayer
551,Sharp
552,Brien
553,Leeni
554,Ohman
555,Wright
556,Duff
557,Robbins
558,Taussig
559,Messemaeker
560,Morrow
561,Sivic
562,Norman
563,Simmons
564,Meanwell
565,Davies
566,Stoytcheff
567,Palsson
568,Doharr
569,Jonsson
570,Harris
571,Appleton
572,Flynn
573,Kelly
574,Rush
575,Patchett
576,Garside
577,Silvey
578,Caram
579,Jussila
580,Christy
581,Thayer
582,Downton
583,Ross
584,Paulner
585,Taussig
586,Jarvis
587,Frolicher
588,Gilinski
589,Murdlin
590,Rintamaki
591,Stephenson
592,Elsbury
593,Bourke
594,Chapman
595,Van
596,Leitch
597,Johnson
598,Boulos
599,Duff
600,Jacobsohn
601,Slabenoff
602,Harrington
603,Torber
604,Homer
605,Lindell
606,Karaic
607,Daniel
608,Laroche
609,Shutes
610,Andersson
611,Jardin
612,Murphy
613,Horgan
614,Brocklebank
615,Herman
616,Danbom
617,Lobb
618,Becker
619,Gavey
620,Yasbeck
621,Kimball
622,Nakid
623,Hansen
624,Bowen
625,Sutton
626,Kirkland
627,Longley
628,Bostandyeff
629,Connell
630,Barkworth
631,Lundahl
632,Stahelin
633,Parr
634,Skoog
635,Davis
636,Leinonen
637,Collyer
638,Panula
639,Thorneycroft
640,Jensen
641,Sagesser
642,Skoog
643,Foo
644,Baclini
645,Harper
646,Cor
647,Simonius
648,Willey
649,Stanley
650,Mitkoff
651,Doling
652,Kalvik
653,Leary
654,Hegarty
655,Hickman
656,Radeff
657,Bourke
658,Eitemiller
659,Newell
660,Frauenthal
661,Badt
662,Colley
663,Coleff
664,Lindqvist
665,Hickman
666,Butler
667,Rommetvedt
668,Cook
669,Taylor
670,Brown
671,Davidson
672,Mitchell
673,Wilhelms
674,Watson
675,Edvardsson
676,Sawyer
677,Turja
678,Goodwin
679,Cardeza
680,Peters
681,Hassab
682,Olsvigen
683,Goodwin
684,Brown
685,Laroche
686,Panula
687,Dakic
688,Fischer
689,Madill
690,Dick
691,Karun
692,Lam
693,Saad
694,Weir
695,Chapman
696,Kelly
697,Mullens
698,Thayer
699,Humblen
700,Astor
701,Silverthorne
702,Barbara
703,Gallagher
704,Hansen
705,Morley
706,Kelly
707,Calderhead
708,Cleaver
709,Moubarek
710,Mayne
711,Klaber
712,Taylor
713,Larsson
714,Greenberg
715,Soholt
716,Endres
717,Troutt
718,McEvoy
719,Johnson
720,Harper
721,Jensen
722,Gillespie
723,Hodges
724,Chambers
725,Oreskovic
726,Renouf
727,Mannion
728,Bryhl
729,Ilmakangas
730,Allen
731,Hassan
732,Knight
733,Berriman
734,Troupiansky
735,Williams
736,Ford
737,Lesurer
738,Ivanoff
739,Nankoff
740,Hawksford
741,Cavendish
742,Ryerson
743,McNamee
744,Stranden
745,Crosby
746,Abbott
747,Sinkkonen
748,Marvin
749,Connaghton
750,Wells
751,Moor
752,Vande
753,Jonkoff
754,Herman
755,Hamalainen
756,Carlsson
757,Bailey
758,Theobald
759,Rothes
760,Garfirth
761,Nirva
762,Barah
763,Carter
764,Eklund
765,Hogeboom
766,Brewe
767,Mangan
768,Moran
769,Gronnestad
770,Lievens
771,Jensen
772,Mack
773,Elias
774,Hocking
775,Myhrman
776,Tobin
777,Emanuel
778,Kilgannon
779,Robert
780,Ayoub
781,Dick
782,Long
783,Johnston
784,Ali
785,Harmer
786,Sjoblom
787,Rice
788,Dean
789,Guggenheim
790,Keane
791,Gaskell
792,Sage
793,Hoyt
794,Dantcheff
795,Otter
796,Leader
797,Osman
798,Ibrahim
799,Van
800,Ponesell
801,Collyer
802,Carter
803,Thomas
804,Hedman
805,Johansson
806,Andrews
807,Pettersson
808,Meyer
809,Chambers
810,Alexander
811,Lester
812,Slemen
813,Andersson
814,Tomlin
815,Fry
816,Heininen
817,Mallet
818,Holm
819,Skoog
820,Hays
821,Lulic
822,Reuchlin
823,Moor
824,Panula
825,Flynn
826,Lam
827,Mallet
828,McCormack
829,Stone
830,Yasbeck
831,Richards
832,Saad
833,Augustsson
834,Allum
835,Compton
836,Pasic
837,Sirota
838,Chip
839,Marechal
840,Alhomaki
841,Mudd
842,Serepeca
843,Lemberopolous
844,Culumovic
845,Abbing
846,Sage
847,Markoff
848,Harper
849,Goldenberg
850,Andersson
851,Svensson
852,Boulos
853,Lines
854,Carter
855,Aks
856,Wick
857,Daly
858,Baclini
859,Razi
860,Hansen
861,Giles
862,Swift
863,Sage
864,Gill
865,Bystrom
866,Duran
867,Roebling
868,Melkebeke
869,Johnson
870,Balkic
871,Beckwith
872,Carlsson
873,Vander
874,Abelson
875,Najib
876,Gustafsson
877,Petroff
878,Laleff
879,Potter
880,Shelley
881,Markun
882,Dahlberg
883,Banfield
884,Sutehall
885,Rice
886,Montvila
887,Graham
888,Johnston
889,Behr
890,Dooley
